{
    "CMUID0001": {
        "employee_id": "CMUID0001",
        "full_name": "John Doe",
        "base_salary_yearly": 50000,
        "allowance_yearly": 2500.0,
        "bonus_yearly": 1000.0,
        "deductions_yearly": 5000.0,
        "net_pay_yearly": 48500.0,
        "base_salary_monthly": 4166.666666666667,
        "allowance_monthly": 208.33333333333334,
        "bonus_monthly": 83.33333333333333,
        "deductions_monthly": 4041.6666666666665,
        "net_pay_monthly": 416.6666666666665
    },
    "CMUID0002": {
        "employee_id": "CMUID0002",
        "full_name": "Alice Smith",
        "base_salary_yearly": 40000,
        "allowance_yearly": 2000.0,
        "bonus_yearly": 800.0,
        "deductions_yearly": 4000.0,
        "net_pay_yearly": 38800.0,
        "base_salary_monthly": 3333.3333333333335,
        "allowance_monthly": 166.66666666666666,
        "bonus_monthly": 66.66666666666667,
        "deductions_monthly": 3233.3333333333335,
        "net_pay_monthly": 333.33333333333303
    },
    "CMUID0003": {
        "employee_id": "CMUID0003",
        "full_name": "Bob Johnson",
        "base_salary_yearly": 30000,
        "allowance_yearly": 1500.0,
        "bonus_yearly": 600.0,
        "deductions_yearly": 3000.0,
        "net_pay_yearly": 29100.0,
        "base_salary_monthly": 2500.0,
        "allowance_monthly": 125.0,
        "bonus_monthly": 50.0,
        "deductions_monthly": 2425.0,
        "net_pay_monthly": 250.0
    },
    "CMUID0004": {
        "employee_id": "CMUID0004",
        "full_name": "Eva Brown",
        "base_salary_yearly": 20000,
        "allowance_yearly": 1000.0,
        "bonus_yearly": 400.0,
        "deductions_yearly": 2000.0,
        "net_pay_yearly": 19400.0,
        "base_salary_monthly": 1666.6666666666667,
        "allowance_monthly": 83.33333333333333,
        "bonus_monthly": 33.333333333333336,
        "deductions_monthly": 1616.6666666666667,
        "net_pay_monthly": 166.66666666666652
    }
}